Электромеханик по лифтам,22000,Москва,https://otis.potok.io/open/jobs/251932
Электромеханик по лифтам,30000,Москва,https://otis.potok.io/open/jobs/251932
Электромеханик по лифтам,22000,Санкт-Петербург,https://otis.potok.io/open/jobs/394728
Электромеханик по лифтам,30000,Санкт-Петербург,https://otis.potok.io/open/jobs/394728
Электромеханик по лифтам,22000,Адлер,https://otis.potok.io/open/jobs/332191
Электромеханик по лифтам,30000,Адлер,https://otis.potok.io/open/jobs/332191
Электромеханик по лифтам,22000,Белгород,https://otis.potok.io/open/jobs/347461
Электромеханик по лифтам,30000,Белгород,https://otis.potok.io/open/jobs/347461
Электромеханик по лифтам,22000,Самара,https://otis.potok.io/open/jobs/388563
Электромеханик по лифтам,30000,Самара,https://otis.potok.io/open/jobs/388563
